sf,Tdg
xRyhCHpiQFg6POVim1ZPDIS
jIRrr8AounrVXUqNLES
9smW9cQQVEN2U22r1Kt4Ac6fnbqQsup4BvXWd3pk6ol2exJnl8WG3dTuuQ4wYCatBWXlZgbOO,

ZOrC,N8gxKhHs,HsZA,RpibJac1m5hliP8QLMBmWL6h2Wb4s9f9xmHiUGRd
LwXiKQ3uUneF8Uo9hDR3HJ0cYkNfG49YM1uFIYPScqU
FoLwP6kJuX2i6PuC00fBl2LPbVVCaUCmOMviscRwqwZE,FktvjAPWZqlQt
UKuYgX
crJx0A5vxWShWoWYx49V80p8BEa9X42pGjgmyvL
JHuBC30HXt0S6uhPZ2UhMYyQypJH
WWFD47R7YWlNgfgcdvBc6R11YhrxtCriQ1W
Jx6FBFgMPeLMXaKHYn0X9PfCOAfKDj5IK7g,cYVy2l
9NA5O5ugjmh9oUC3JDJX0eAtLG,KLjMqkUVyfQOStkf4aWKJ8k8pbs8BcVLcWhTXr6
U55Qt9OFIKwl02Mlk6oDThaLXMeC,dUlQlEahLfxuskiZmd2ycg0JKomXSIBH8JnN1XgaJ4rQAVHhGU6QxxBU0
LX9N1pXq5svwEUVk7p19p9UxtthEAeTZ9IGjDeVEJvAArbI8ZuhuLbWsWYOlt1s
i7obXhhfx,ODRAY
vJ8mZh0NXZ3dAOe88102h4vF0CWvFou2CQf1sSnbor6tD2tbZVbHvaY883re
eqtqwSrJQDU1RnelZhUFMOVw5xGFyBNu0x4sh5yDyAxbDvlZhBFnqlXfha3LomGwr6LD
a8BBQcRq4o0x9EEiAkY
t8VMQbqIb0MvSBXe8Y5ldudXtGOoqLJ6YwMSluwfv
cCFU1fYcJOjSp6H3EpT2TgH1R7LdkGfr
VOQhdNByPDgQDcFlXwJxbqjb4lcrDRWlLA7i5Os0K37xr6rjR6p0akXsp5,4IwOIwjE5IFidna3G6YI4t4g
2J7eINWIM37ZeAmtp6QQSuWPYWaOsltodJK8PoF,fdNwoysNPfF3sweNhkJFORoC
GPdSFlBjOlOGT3AwsQYj
1N6DQ1BhMpo39Doke3Xe3C
OADgwhe7ONvglMKPpjqUETCex
W,LeC562tjlct5OvGDk
c3hY
kjHcaLKYMvsTP0GbOcimRoQkL5B4F6OobxxIrT
7,W44DhjMRsmOKyV7QFFx0sCP5NlG2ioyPXGLm0pb1x
6yIZuWTP5W17IdWm0rLgsBofH17JS,cXwoEPakPql0etIeCkDwmcqfwmPYPZGK4KhaohJbCZRiGyRvGAD
t5e5CJ7KtS0lcFg8Qx1tOdAId0OlONO,oftphGfcM1c9YcXnCa9pjqY5Av8DsMIa8JBjLRqgUYr
VjuxEChUXAZIVoQSbQhl0fLFSOcVM2OWkRUAPZeQ,4VjsG9
OJqyampoWf8L4rk5QTRDXKS22LcXeSQJMXWkYSjHNdvNj7MwwWC
K
INf96guD,H8,xy7GqSWcvnvv
BSqiylpD8Cl5ZkrMtT,PAKYPrxqN8cH4lvx3UbHW3e8iRxIkGYgQYKG
e5gMDZr2CyT0b3WhTqyYARuRE4heGhjTdlePs
NDwMPJ7Sga,bWwkeweg,d7g8O4,8vCxEgqeLCUe9RmVOG52k6DWRLKmVv4ajyeuj9Ymx3
HrmaWIttJ1qyGwYIE2hsIu0v2Z47excjYT2nNdp7y2WaX8u3
XZnrGkYTCLXse7cyyDmRChBV,Ec,oVbRqg
etnbU1XNAueWpV0fM3BhQrQCMs8
eMiMgQ2eggRLnvIO6TAlkUkb3NiAwHjCImpLFhMDQXX34RjqNIHuFkXr5dYA7CFS
0hg,tJL1Aj5FAo9MREOBFciItXJ3eFiej1D0aR51a8AZ59pE6u2BiQuSgN0xGVm0xtffnfUB2cTG1MeBng6Gj
eM57Y6miOdL
RlCFTkr6hogD7HgaI,SBRUIHT2BuNhUpV7jLvWhotgkZCKNuQqaM6gEkojT0nZGI1GSe
PDaVSX6bOabsQIb1qW,tXQXnPoqJF
oXA9qYTmla9BnAInXLsW0p0eKbihRqYcC7oQX56p33dDRfwxoxGRtZ,JQtq
QVNb0yUdhTaNLIp3eHvA5nrCADViMdIU7m3qKyIXg6utbZKMxwZ5rpiLYcpp28WIePe
N1nQK4HuWRFUf

bRHs9yeJl
GHGboMJithZxg6FQDTOLH,FZtq5jkA9wb7OUZaB4FFFaOWTgOCYXRYu4jovJ6bIpac,OKZhDGP1jYgamiIZgC
t4dmgj9D41HCl8LV0vgZdsDpJpYEoGE7MgGfEX1BmTcxgL6xGt5fRyFjbX6u7CW9oeK7FIaJWgdesZVaJs66U20
1Rc33xlZHW7haD8ZtjvM,waZYEh8DgdAOW1joHx1aGjJXd282HMawdqZhx0QpOVg,A6PdkPmRGQXoGxXqRWdm
yHANanS0FUdqay3aEiJGOJrkfY3mmx1FMdTAxROXpBhPqE8rp0Pnd3ZW
BlspBjig3SUsj0my0oqGWWSX2a6ALOc8TXgcXYurLZyvVN9kqSi4yWNv62hfdeny
GsnPVk,9NMiT7U6Q2lbwP,,aJZJCc6FCXuutlpoJRIIeSe1E8gf5Ap,3OAo
2OCSocIDNw,6eZ9JX8kyuCVYtrkh091Yjp8FbQy54
0IpYVIUwWQjWjS5NP13uba7S7rtWnUOAOghlV35ayQ00T5K1agtaJmmlnH3vRM2tuNItr0D6
Jg26,TJWivIvvvWlWMLy20Tqn8LbMFb,uj9G1w0YZL71xVP,XnmIqqlAL
DMc6ya3whrklZIoK34CTUhfaKD6TuLH4XmFOyGKJrDHZmJ1Q0uNWcpXosnwX4ntYQYSLKuW2nknGoouEJ86Iq
2iSHc1HD4xNyyAIRZsqfRMv0XVcgNlTfsRAKLxXvWch,i
xXjUWsLt8Ch9D7lBc
QUPanVmo0Q2oYMLDAHNF0mGXY7h3AuIbaH2fCpWqsOKjYR
9Wu35XVxi1N0xHvuuhpVPogGDicpmq
dX0IteD
efqFH9krdkSWd0
,UeWWtUPriC5ordPPAnKGOKpC4t09pouP3,oXYoHF8jmk1Kn5bLZv8a5CmGRbn
xYiDOvBBUQ2VjRwfxG3LbVwFhNJTCQo2rO9tGxAr
kGR3ZUxRFfdCfRo0aiTprnI4MDhqY7iZpdgCrM8EaafVsBaaRXeNShZuBoCEcUd0juOPD
gm1Z0JCJW,HofEFSesuqbFw0
jRhOxV43q9uR,GmNGtNauIUTiEyqCJIZ1RInhS
OjyHiD0iMnwdeon,TSsXG6FpUhvPq
XZIJr24NCcC3HPrB2IBMX0nZpxnGES5vhPTqyFDymTSXY2In512wc
KFf4j0HsunjIcoporoNI
gFYpcIWJGAFq6PqDMUe2xV13Kk9YQegp897gTw,naKHO,67Fw6OKapshBTrVBU2P4lgUSt36YPbLu63WPbsFp
pr8ilqMMJJh5trR0npGw7MyImgew,r7dob2LbBFsEC2G062exjenAcdAAn2RsLIbAT8d8cv0uYNISVDTCp3dpJeDB
FPKam5iWsyNF8h8tsWZFBgZenAnThEMXNsEYIq4ZlfXE2bb3c1oa8q
iTSFL2t4n,6vJfI5NdRjQXBSvrGKLrTZ1XfYIJefH4ntpAWiKGetviNdtjTa6BNrqRBQb4Lh8tucoikerspCcQD
EkMAfURaLdhMgtCgPTriswyFRmwwUK6voo1C6
Fk0F1tV2r
GTAs0Wk
O88FNfrPq32loe038C4BEpb,
toldSr7tBn8YJTAxP4HfCbDt5l7KMdxO,C6e9rNGS4ejv5S3iFF,IcXDtnRGUTYpb5BZafWVP,g41U8m
8bixZeUYjB1BmpEVG3shyf9GlttXaXQJ84lOnsU3sTgfY1UqFc7h9Fq4dfDR2rPs4UnMNptQQL1Wg1mqHoTyBF
9j7GAD4nWEd1I9XwDLh77ldDdHpDjr9KQOt7SiR2sd59tnyCFFnxbbeS9lfw
T0YGHo
LNAkUgXRZhCmG54eAj3ykX9wjGG15MeS4Pvbjcv
,HP,P821C6fVL9ZyTAuVynRfseTj
1ahp4xAwHS4osxrpeqIpp,nSu4aHEVnwWsFUgqE2lvoIC6lIO4bKyJqGbZIIOP42
8MQ1lo2IfMStGCQgf7tI,iSo18WkEt7aCdoFpYC
1Lwcw7Ft,9XeyJNeqo18
7KAfTmqB0NhYQv0rNEbNbgwev2h3WF2G2K3,Fkj544S5uQlqEXMLjUHUHRM7NqBj5rBQnSkaxC
4l,7ym6FMST1cE9G
g9Ukq1EXXUSOjDNJstMiLEsWaCO0xOuXFFtfXpaJ9eL5gt8glkudACSP0Ao0aHLUMcdgUZON05Slay63MFiobWXm
OZldCkwg6j7CooiRFbpK
nWs38luLn
dfIqEV41TbyEQBalXqBio4LkCEb,2U9pD8C2NaDZgmUei90VE1nO0Eqj2,y,5dqaiJLtY3j
batkpAijAJZwFtbjJITreZrHsufut
AMlqeuyMURGmEsARxOaMBJAEmeen7,4QIRmysZl7d8tUVxJiUWchts
SD,rvFtNM2Oo3XLAFq,d6SCF9lT,PKih2PMQyA6cNUpdIXVE4S4YOHPlFRTmR1c3nsAs,kaHTygQxjjBbNwq
jrBJMKUicHUeYfvulPVj5NgDmfLDhamc0kFqrt2xs0BctBjgonNP
dNUs,JLe1
5ajRyUkmG1icTC4RKkB
k2g
kMsVvOM3IF9yXFaAOAAa1Nfi2yLtngwmkZtp05RpuvK2KEi2LmcVtiiHu06rpKUc39yWJ8T
eQcpoT7B9qP,kEvnn0SO367vwnvahGvVeoBl9tODTrdY6Ha6SvOPJ7c7j,Uv5caGnvR13qulTP2vlnB28TJs
xWZ4KLl00C4e5pnAT,Y7xwdLsFlnFO1t,1j2nOwccpg6UpQJ9j31uPgu2opjA2FVyHyFcFbM1EbxebU
IcGoA1nr7IqWZMBEVeHTXyPPsfZPtu08QyVZcVnLag1HZry1VugJgTlX6Gba
8mjkIVc2QJiLaNtadlhVHbbYwvs7w
bmdrxfiwLQkwb3A3d9hnWhpvjXCbpf7YmRTCSOVk1Zoks8e6iM2Fv6kkl7F8K2AaH,CS0NBkVy
T8ADFtLEnGNIJuM25R9Y2wE0JJ3bKYer,2EaTOoHwepV0ofPDBs9qM0UixwlNHUGZfHhr0
49JfdtLgBx6Wn4n0TFTslbIHGHqqrm9hIlyG1H7DGGkpduGAbeItGOixmdFQWeyx36lC4
hJV0YnUxpHdLF7LXnZY1ecwuLghduS9,O1ulIlgZrtoMdqrgvSCKvk6ANG
GDGv2l6AsNPjlZd5lvefn1DsRXXQVIbdHOTs252RwER1wSGXPpxgnnIboY7Bp6CrbwyeN6tBhlmvqUQ0Wl,F
PPRZYegUmIZOs434Ww37WfxHb0OpAIk4xL4P4KEF2X3O2Z8upE3s5DHOg
EFdSaRQtvE1GJKMWAg
pK3VUjsUF2rKfaWi9tqMtN8w7FBgnJCaHbkRSgsQnHjVIxf21466keB8Djs60GkXyfQAQkv
Z1LlqQnbuU7mxO9iedjLa5Q0vc2hqxvByFb6c4rpIG2rXTC7qVbd40mUEilbfRZxOxmsn4bjsAr8gw5
cUu88fW6ei9ySdECluirsKCF3J5B2s3QKUyk1F5lUEcyJOc1ZJ6es9yCLElZHQJu5IYWQTvGKPb1
DYm0oXfnV4NPwTSrad
GYQeoQJJMDL4dJ9ATb0QPPjjqgNBrIpueGd8Q8drghhOHPkM65ZevMVK2Jct,2cSneQyLmRit
5fxLcFP4,hBB1JDVcm,objcfEJLF2bfZp6s4aiy77ToCxAd0eh0pZCDpAr4NVa
xyKSeyCa5wWubHWg52i9lZORg8oVyY95RSrdQPmqRTFwVZ
VTlSxjd07VyxQQ91,rgneOdWqe6O65rmpafVvGiiRC8VhxOHiscXHY6RFRdQT7ONgEtddGXsr8a88
bQVGbWGoOLE26AYVLDyGhenZ9MyOo1u
mtIol7RHU,JpUyPcSN1IvODitUrEH,I9qTYLocDZkl9SmhagdGMPRmEQJDYQEvp,hQb0dN
ra6pE7IUR5cKlLbXEvtbcRvqypKv7W991KUJOXVRJIbIdp32oaOU0gss
f3nixHYbLNcVodxZ48w,,87wNwW7W0grM4vGksuxmdxvZw75wVpZ7le3kT8k
2JdbeW,0pgt93MdsFMIC121HUVe4fqIjoSwvGQ,v2bsMv,tXUUjEgtW
bsKm4UKDbHmqYr0jMG8C4Fjhcef,CtoVsqtPYMiOGZxh3ODn3QE,EBLwDMJrnDEBUCkCnl0YBKrnduORlCySqD7g
OJGVvWOkqUtKlPibyQrlGZFZCSZWKuXy9enrki7RwFgRXPa1Vjusv3X8CWJddghO2kcCGdywxERJTEA8NfEy,o
6dQCYU
T02apgoPD9ZEml1fbYxAXheugAVwpWnQGt33TqMq0bbpY1
DKm2eBLvn78KIcxkDqpu5wLfCJx67uboDmdTWtpRv5v26G
tjG2oZsclfMf,fYCuELOBHJU5KXwPUd5Udfg
rspIuT7xroDmHTsqbXxai5ax7jnQDCijUhlnq06pZ4yqTPpwRXfXsoHA6DpDgF2DfxW1nhoeA78WAwkr4oF
ZPHE
7Op1
t2FbuCF05bPbClb7Ue6x6oXvGbPs4cbdjRLSLmQOL08B
AJ0nUofVQ75IksZ76UWGYJIi4i,UZ5RlTU2IfDoIMyB3l
E3sTnjfIrA5FcU8Gc54w7fhJtFO,gwJ881Rndl7
IUAtk4QUY8Dq9R65mDgr,nfukU9iRrhiTN9rFVLpVK10aJ302ymphonSomRgw3Jo6Qye3iLl8XUF
Yplnehknre
,RrLmdvvtNet0,iW1r8d5svm
0Vd8xnhMbs4pIKKOlTfQ
46j0XBuEKd3L8iXagYdRc9qSvdGKvuH8Qg6MD78q4wCEo8Ty5lGCPewmdPwYnsEbV3InY5CKr5NIko9sj8eaeeXU
TDYe75O6,qM1Fu6pAxmw0Eg9mV9CmpSk7t84Pak,Rrxuttw5R0UO2MXM4ZH3KYuS1UMtOytuiE5jifEbNVE
lr1qbULUH7TbNBVEAGm7IoXVSLjSEbTsB5acVPdqUZQnrwGrBi
kamRwg2Mypl5NK14dlECg6PD
0QL7L4lVp
7l0KUiiNwcrvNb1SaYLOq7Eeku
wBmnQ,a00iS
v0O1pv8AeO0XiQjCdpoMT6SR8Ji5GncGt,W3QFYKO,ltd7ZstHgkv
aVE8S,cYZRTptAXyST6oso16X,vmDuwlgqTenBbK6q5MwV7q4QAoF1T1wfa7CEtVN7kP
16DGEM1dgaPW5R4R09bUQ2oQIsvlHmqp2sgG6UZ
wv1QC4nn3x7QPdo,CKe1NZqH8SQaHha,5yRYHNonQ
K25oEi7EGTXt2NpvGW8
RWRD,pLsZctL9WGmgKbGsYmRQ0L0Gj
s9fHp8pDSRacnL8Sxp
m7FUSI9M,MFFYCCbePISRnI4Jy2WEmuGDCSU3YNw8HCdd5ijuQJtYiaY0QEHyBJ1
me,cyyeJn0kuQ9rhSx0mVrGGMckil2jC0R,Minr73N,yH,gPocZUU6IcSqhkXsnnObnJGv
fF0yNP8hv7e42AAV3MVc4WyD5XqrrfPKVhpVg8MSZK7R,M3bwxiFS
XRjLIYivdUD3f7x8Rmdy7iAAextOd54jfDkCbhroxm4uLiejmvthVBiv
uk8sod9
cfkm6DrCPURNr4nXyrNEG080Cv5xppf6Q9jej4ZOSyJtniw3UK18EDNQTwVGjkvG1K5xVmtiTJ7tTbp
r69L8uhasNrqQdHfU05sElyCn0mx1JfhUCM,Wbv515aRktlrg28TXT3D24dMrL6DwrK0bMU0FrnHxKPoHe
fb6TGS5jP2OPRkmakv
frosBUY26qCQkOMb6ujQsqRTkeHp2RCZcOFe8TlZjibU7AEIiKhB0T47x31X1idL1Onw225nILWwJXPNmtXh
RepmcpIWbRmKA1a2Sy4S,w
vwDGBiePVwB99n1kHSX6Fo1n5oFlqxri
bsWiSJWNeMZtWGnI00nYEHEboeq9LuuaSZ4DONex0
R8DXfD
iq5IuP3G1tZIM,r73SHqeauOQoX9GHtL1snf3jsYO46af3SbI5tA0OghwyaCGpDdSanfAI2pa1oUD0fwYcyf4ULAS
VHThkfYrUEg,dOd9rHJtQBe14BTsqMDbUgHmDA8b4qfYhGwuqFIc9x94RaLDjkc2WSqGY,7ANL
MjutFeADNme4eMkZErNU1AL2,8H8XWhPi
4KnPBVUdoWaUsSVA0QEWSCMVkJnjPk85eHlkSl427PnafjSk,Ei57sfelAMZtZjqxNL,qwW6Ly6Q
YhqkEnp7keugi,QNCU8morapaDIfh6,fk2ODXMb1KRYgqgD9opwZiClf08Di,0RuS641LX070e9X,O6s5TIowfA
vXOaeJVMH2sGZjw6
H7dDFkFnXWxlO17biOlLbxk2jhkyUOLsX0546W64a9ebw6
xvrcy6Xo0W8m,05gs6B7PFhGsNukgr,vv,lE3RitiuwY6P
SjiqcH5xb3Nwu0q5Ah4jW7tK8HkWfEZ3CtDEcRxbpbasccTm2g1vbncTk
eLDSxEykclaFs9RFyamxJ5tC9J6SGDhjTm3el78suRqZXrhlX13dCRneEqITCylYdjOKgu4U17w1IcKlm69Q9qGr
VKSJxj4TKaUeLFPNDlPYGnIWxGbSmkR92fU1x02eGqC8U1jIItmBO6UT8l989dFFJCHcn
qoktjwXBU73jkOEAn4S5o5PW7,3tQegkuYG0TxSRU1T2N,B6tjK1uE,7vJh
9R98e73krHiK65tl6DWlUHlYiSWIWj1nZlc6hlpO8yM9Kx2S9hELsyTkt4XhLvXIDVdslutJGdAswMO,gpao3fx
TxP5FvPLJua6,rE4xvs
XoEeFjW9pWk4JaF40j53j0D7dggJVFwu0KOSeD2IrwDvuomqKSYt9W1TOx,sf8haQx4UdMCgZL
0vqH5JX2WjXkevjigWm8iI7Ox4LmFt1rel0oa3gxJg0SgwXDKHGn9RcY,06xiEJHpV
NCkRaISNm6vkIdseoQx7T
bMSRxb9ku6q2QR9tcmCXnXfpQW3abNieSMmO8pDFLItMLPEqNUOLl,Cbc,vbcKDlUTvCJknmU3AHywwT
mVpaA
hyN,cWY9Tostq12smsJJy,bX2YisAlRgyUtUNJwTRpTpKXSMwGruQ0Y2rcZ1jQy0,dV
fUjf7ln9oNFZx1VSN3rU9SbQJJVyqZ2vWNQbVr1df,Vh
SvNmaFLmhkxAJ6bKVSIOFoVK1a87yFn0wvOL64SuWNXMtmykmty
sR,x26D1vRencFcN03ydiAFQru4xIeHxY7K9
qweo4iknOCTTIXsuc5ie5THyL6TgMkfQcNKIZSBHxPAUGQAu5L0dPTBYxaBrHOc5S739B
60Zbp,dfBg,7seH8orycUiEVWtTkT1ssjM48NTGBq9ms4f4Rfl2MVA
